CriticName,MovieName,Year,Genre,Rating
Ann Doe,Bad Moms,2016,Comedy,4
Ann Doe,Baar Baar Dekho,2016,Romance,4
Ann Doe,Ben-Hur,2016,Action,3
Ann Doe,Ghost Busters,2016,Comedy,3
Ann Doe,Jason Bourne,2016,Thriller,4
Ann Doe,Morgan,2016,Horror,2
Jane Doe,Bad Moms,2016,Comedy,5
Jane Doe,Baar Baar Dekho,2016,Romance,2
Jane Doe,Ben-Hur,2016,Action,1
Jane Doe,Ghost Busters,2016,Comedy,2
Jane Doe,Jason Bourne,2016,Thriller,3
Jane Doe,Morgan,2016,Horror,1
John Doe,Bad Moms,2016,Comedy,2
John Doe,Baar Baar Dekho,2016,Romance,3
John Doe,Ben-Hur,2016,Action,3
John Doe,Ghost Busters,2016,Comedy,2
John Doe,Jason Bourne,2016,Thriller,5
John Doe,Morgan,2016,Horror,1
Mike Doe,Bad Moms,2016,Comedy,3
Mike Doe,Baar Baar Dekho,2016,Romance,4
Mike Doe,Ben-Hur,2016,Action,2
Mike Doe,Ghost Busters,2016,Comedy,2
Mike Doe,Jason Bourne,2016,Thriller,4
Mike Doe,Morgan,2016,Horror,1
Neil Doe,Bad Moms,2016,Comedy,3
Neil Doe,Baar Baar Dekho,2016,Romance,3
Neil Doe,Ben-Hur,2016,Action,4
Neil Doe,Ghost Busters,2016,Comedy,2
Neil Doe,Jason Bourne,2016,Thriller,4
Neil Doe,Morgan,2016,Horror,4
