code,name,lat,lng,art,concert,dance,film,theater,other
01M015,P.S. 015 Roberto Clemente,40.721834,-73.978766,3,4,2,5,2,0
01M019,P.S. 019 Asher Levy,40.729835,-73.984243,2,8,8,0,8,0
01M020,P.S. 020 Anna Silver,40.721067,-73.9864,1,7,3,0,2,0
01M063,The STAR Academy - P.S.63,40.724407,-73.986263,1,1,1,0,3,10
01M110,P.S. 110 Florence Nightingale,40.71525,-73.979994,1,0,4,0,2,0
01M134,P.S. 134 Henrietta Szold,40.714406,-73.983291,5,2,2,0,0,0
01M140,P.S. 140 Nathan Straus,40.719128,-73.983283,4,0,1,0,1,0
01M142,P.S. 142 Amalia Castro,40.718257,-73.984013,1,3,0,5,1,2
01M184,P.S. 184m Shuang Wen,40.711346,-73.985682,2,1,1,0,0,0
01M292,Orchard Collegiate Academy,40.713446,-73.986033,1,1,1,0,1,0
01M301,"Technology, Arts, and Sciences Studio",40.729835,-73.984243,2,3,1,1,0,0
01M363,Neighborhood School,40.724407,-73.986263,1,0,5,0,0,0
01M378,School for Global Leaders,40.720088,-73.986033,1,1,1,1,1,0
01M448,University Neighborhood High School,40.712354,-73.984059,5,3,8,4,1,0
01M458,Forsyth Satellite Academy,40.722445,-73.990395,1,0,0,1,0,0
01M509,Marta Valle High School,40.720088,-73.986033,1,3,2,0,1,0
01M515,Lower East Side Preparatory High School,40.720088,-73.986033,4,0,2,0,0,0
01M539,"New Explorations into Science, Technology and Math High School",40.7195,-73.979239,3,15,3,1,5,2
01M650,Cascades High School,40.722445,-73.990395,0,0,2,0,0,0
02M002,P.S. 002 Meyer London,40.713049,-73.99168,3,2,3,0,2,0
02M011,P.S. 011 William T. Harris,40.744289,-74.000679,1,0,16,0,4,2
02M033,P.S. 033 Chelsea Prep,40.749023,-74.000311,2,10,10,1,2,0
02M040,P.S. 040 Augustus Saint-Gaudens,40.735118,-73.981697,1,6,4,0,3,0
02M041,P.S. 041 Greenwich Village,40.735587,-73.99921,3,6,3,0,1,0
02M047,47 The American Sign Language and English Secondary School,40.738774,-73.981396,1,0,0,0,1,0
02M059,P.S. 059 Beekman Hill International,40.759213,-73.966183,10,8,3,0,3,1
02M077,P.S. 77 Lower Lab School,40.785013,-73.949989,1,3,1,0,1,0
02M089,P.S. 89,40.716912,-74.013597,0,5,5,0,0,0
02M104,J.H.S. 104 Simon Baruch,40.7358,-73.980569,2,2,0,1,2,0
02M114,East Side Middle School,40.780417,-73.947509,2,3,2,1,1,0
02M116,P.S. 116 Mary Lindley Murray,40.744493,-73.977631,1,4,0,1,0,0
02M130,P.S. 130 Hernando De Soto,40.718853,-73.998291,6,7,10,5,5,0
02M131,M.S. 131,40.716187,-73.993379,2,2,1,0,0,0
02M150,P.S. 150,40.718083,-74.010942,2,12,0,0,0,0
02M158,P.S. 158 Bayard Taylor,40.770254,-73.950907,3,7,4,2,3,0
02M167,J.H.S. 167 Robert F. Wagner,40.771827,-73.95794,1,2,1,0,3,0
02M177,Yorkville East Middle School,40.770254,-73.950907,2,1,1,0,1,0
02M198,P.S. 198 Isador E. Ida Straus,40.785013,-73.949989,0,5,1,0,1,0
02M212,P.S. 212 Midtown West,40.761218,-73.988604,0,5,0,0,0,0
02M225,Ella Baker School,40.765368,-73.959696,2,1,5,5,3,0
02M234,P.S. 234 Independence School,40.715972,-74.011465,4,7,5,0,0,0
02M255,M.S. 255 Salk School of Science,40.735118,-73.981697,2,0,0,20,4,0
02M260,M.S. 260 Clinton School Writers & Artists,40.73611,-73.992277,2,3,0,1,4,0
02M267,"East Side Elementary School, PS 267",40.763876,-73.963869,6,0,0,6,0,0
02M289,I.S. 289,40.716912,-74.013597,0,2,0,0,2,0
02M290,P.S. 290 Manhattan New School,40.775158,-73.952836,0,15,1,0,9,0
02M312,New York City Lab Middle School for Collaborative Studies,40.742503,-74.00224,2,0,0,3,2,0
02M316,"Urban Assembly School of Business for Young Women, the",40.705442,-74.012888,0,0,0,4,0,2
02M343,The Peck Slip School,40.708636,-74.001928,1,0,1,0,1,0
02M347,The 47 American Sign Language & English Lower School,40.738774,-73.981396,0,0,0,0,0,0
02M376,NYC iSchool,40.724652,-74.004697,4,3,0,1,2,0
02M394,Emma Lazarus High School,40.716187,-73.993379,1,2,1,0,4,0
02M397,Spruce Street School,40.711057,-74.005361,2,4,8,1,0,0
02M407,Institute for Collaborative Education,40.732689,-73.98259,1,4,4,0,4,0
02M408,Professional Performing Arts High School,40.761218,-73.988604,2,14,10,0,28,0
02M412,N.Y.C. Lab School for Collaborative Studies,40.742503,-74.00224,1,1,0,0,2,0
02M413,School of the Future High School,40.739103,-73.985344,1,0,0,1,2,0
02M414,N.Y.C. Museum School,40.742503,-74.00224,1,0,1,0,1,0
02M420,High School for Health Professions and Human Services,40.732689,-73.98259,4,2,2,2,7,0
02M427,MANHATTAN ACADEMY FOR ARTS & LANGUAGE,40.746421,-73.981163,0,0,0,0,0,0
02M432,Murray Hill Academy,40.746421,-73.981163,1,1,1,5,0,0
02M449,Vanguard High School,40.765368,-73.959696,1,0,3,0,0,0
02M459,Manhattan International High School,40.765368,-73.959696,5,6,8,20,8,0
02M475,Stuyvesant High School,40.718149,-74.013762,2,6,4,10,4,0
02M500,Unity Center for Urban Technologies,40.746421,-73.981163,1,2,2,0,2,0
02M519,Talent Unlimited High School,40.765368,-73.959696,0,15,3,5,14,1
02M527,P.S. 527 - East Side School for Social Action,40.780576,-73.947945,1,2,2,0,5,0
02M529,Jacqueline Kennedy Onassis High School,40.757601,-73.983508,7,2,2,1,2,1
02M531,Repertory Company High School for Theatre Arts,40.756056,-73.984595,0,2,2,0,10,0
02M534,Harvest Collegiate High School,40.7366,-73.995642,2,5,4,1,1,0
02M550,Liberty High School Academy for Newcomers,40.74183,-74.00022,1,0,1,3,0,0
02M551,Urban Assembly New York Harbor School,40.690951,-74.02024,1,0,0,1,0,0
02M560,High School M560 - City As School,40.729109,-74.0061,2,1,0,2,2,0
02M565,Urban Academy Laboratory High School,40.765368,-73.959696,30,1,1,4,6,0
02M570,Satellite Academy High School,40.747429,-73.990556,5,0,2,10,0,2
02M575,Manhattan Comprehensive Night and Day High School,40.732657,-73.984403,2,0,3,2,0,0
02M586,Harvey Milk High School,40.729701,-73.992232,0,0,0,0,0,0
02M600,The High School of Fashion Industries,40.745665,-73.996501,2,1,1,2,2,4
02M630,Art and Design High School,40.759213,-73.966183,12,0,0,4,12,3
02M896,Lower Manhattan Community Middle School,40.705442,-74.012888,5,5,5,6,0,0
03M009,P.S. 009 Sarah Anderson,40.785091,-73.973866,1,6,1,0,0,0
03M054,J.H.S. 054 Booker T. Washington,40.800468,-73.962662,2,6,0,12,10,0
03M076,P.S. 076 A. Philip Randolph,40.806501,-73.951137,2,1,1,2,2,0
03M084,P.S. 084 Lillian Weber,40.789437,-73.968081,10,5,1,0,1,0
03M087,P.S. 087 William Sherman,40.781885,-73.977907,1,30,20,0,30,10
03M145,"P.S. 145, The Bloomingdale School",40.799078,-73.965096,1,2,3,1,1,0
03M163,P.S. 163 Alfred E. Smith,40.794889,-73.968448,0,0,2,1,1,0
03M165,P.S. 165 Robert E. Simon,40.802647,-73.96606,5,5,5,10,5,0
03M166,P.S. 166 The Richard Rodgers School of The Arts and Technology,40.788883,-73.972455,1,2,4,0,2,0
03M185,P.S. 185 - The Early Childhood Discovery and Design Magnet School,40.798495,-73.949849,2,1,3,1,2,0
03M191,The Riverside School for Makers and Artists,40.773257,-73.990553,2,4,3,2,1,0
03M199,P.S. 199 Jessie Isador Straus,40.777622,-73.984564,0,6,3,0,2,0
03M208,The Alain L. Locke Magnet School for Environmental Stewardship,40.798341,-73.950453,1,0,1,0,1,1
03M241,STEM Institute of Manhattan,40.801672,-73.955407,0,0,1,0,2,0
03M242,P.S. 242 - The Young Diplomats Magnet Academy,40.806316,-73.948749,2,2,1,0,1,0
03M243,M.S. 243 Center School,40.785091,-73.973866,6,0,3,3,3,0
03M245,M.S. M245 The Computer School,40.780933,-73.977723,1,2,1,0,1,0
03M247,M.S. M247 Dual Language Middle School,40.780933,-73.977723,3,0,3,0,0,0
03M256,Lafayette Academy,40.791357,-73.971071,0,3,3,5,1,0
03M258,Community Action School - MS 258,40.791357,-73.971071,1,0,0,0,0,0
03M291,West End Secondary School,40.772487,-73.988153,3,3,3,2,3,0
03M299,The Maxine Greene HS for Imaginative Inquiry,40.774846,-73.985666,1,1,0,0,2,0
03M307,"Urban Assembly School for Media Studies, The",40.774846,-73.985666,2,0,2,0,2,0
03M333,P.S. 333 Manhattan School for Children,40.791357,-73.971071,1,6,15,1,20,0
03M334,The Anderson School,40.780933,-73.977723,18,10,5,14,8,0
03M402,The Urban Assembly School for Green Careers,40.786011,-73.974096,1,1,0,1,0,0
03M403,The Global Learning Collaborative,40.786011,-73.974096,0,0,0,1,0,0
03M404,Innovation Diploma Plus,40.786011,-73.974096,1,0,0,2,2,0
03M415,Wadleigh Secondary School for the Performing & Visual Arts,40.802284,-73.95408,4,5,4,1,2,1
03M417,Frank Mccourt High School,40.786011,-73.974096,3,0,2,1,1,0
03M421,West Prep Academy,40.799078,-73.965096,3,3,4,1,1,1
03M452,P.S. 452,40.771912,-73.987684,5,15,15,20,20,3
03M485,Fiorello H. LaGuardia High School of Music & Art and Performing Arts,40.774133,-73.985804,15,30,5,1,15,0
03M492,"High School for Law, Advocacy and Community Justice",40.774846,-73.985666,0,1,0,0,0,0
03M494,High School of Arts and Technology,40.774846,-73.985666,4,0,0,0,0,0
03M505,Edward A. Reynolds West Side High School,40.797135,-73.966887,1,2,1,1,1,0
03M541,Manhattan / Hunter Science High School,40.774846,-73.985666,0,0,0,0,0,0
03M859,Special Music School,40.775256,-73.98298,1,25,0,0,0,0
03M860,Frederick Douglass Academy II Secondary School,40.802284,-73.95408,1,0,2,0,2,0
03M862,Mott Hall II,40.802647,-73.96606,0,3,2,0,2,3
04M007,P.S. 007 Samuel Stern,40.800773,-73.939335,0,2,2,0,1,0
04M012,Tag Young Scholars,40.792727,-73.942136,1,4,0,4,1,0
04M038,P.S. 38 Roberto Clemente,40.788678,-73.944845,10,0,5,1,0,0
04M057,James Weldon Johnson,40.797269,-73.941263,0,2,2,0,1,0
04M072,The Lexington Academy,40.791435,-73.947417,3,1,0,0,1,0
04M083,P.S. 083 Luis Munoz Rivera,40.79313,-73.941812,2,4,2,0,3,0
04M096,P.S. 096 Joseph Lanzetta,40.800081,-73.937366,4,5,4,6,4,0
04M102,P.S. 102 Jacques Cartier,40.794922,-73.938324,1,1,2,0,1,0
04M108,P.S. 108 Assemblyman Angelo Del Toro Educational Complex,40.795125,-73.947876,0,2,0,0,0,0
04M155,P.S. 155 William Paca,40.797571,-73.936074,0,0,2,0,1,0
04M171,P.S. 171 Patrick Henry,40.792318,-73.951458,1,4,2,10,2,0
04M182,The Bilingual Bicultural School,40.79313,-73.941812,0,10,3,1,3,0
04M372,Esperanza Preparatory Academy,40.792727,-73.942136,2,3,3,2,0,0
04M375,Mosaic Preparatory Academy,40.795902,-73.944662,6,3,3,3,4,0
04M377,Renaissance School of the Arts,40.797571,-73.936074,8,6,6,2,5,0
04M406,Global Technology Preparatory,40.800773,-73.939335,0,1,0,0,1,0
04M409,Coalition School for Social Change,40.799262,-73.93387,0,0,2,3,0,0
04M435,Manhattan Center for Science and Mathematics,40.794167,-73.932694,2,2,0,1,4,0
04M495,Park East High School,40.790331,-73.944065,3,3,0,6,4,0
04M497,Central Park East I,40.793687,-73.948611,2,2,0,0,0,0
04M555,Central Park East High School,40.793687,-73.948611,1,1,2,10,4,0
04M610,Young Women's Leadership School,40.792935,-73.947168,2,2,2,0,0,0
04M680,"Heritage School, The",40.791896,-73.946866,2,2,2,3,3,0
04M825,Isaac Newton Middle School for Math & Science,40.794167,-73.932694,3,0,0,0,2,1
04M964,Central Park East II,40.792318,-73.951458,4,8,3,2,0,0
05M030,P.S. 030 Hernandez/Hughes,40.805654,-73.93546,0,0,3,0,1,0
05M036,P.S. 036 Margaret Douglas,40.810705,-73.957404,2,3,0,0,2,0
05M046,P.S. 046 Arthur Tappan,40.831647,-73.936074,2,2,2,1,2,0
05M092,P.S. 092 Mary McLeod Bethune,40.814584,-73.944991,2,0,0,3,0,0
05M123,P.S. 123 Mahalia Jackson,40.820337,-73.94434,2,2,3,0,1,0
05M133,P.S. 133 Fred R Moore,40.809859,-73.939243,1,0,5,1,0,0
05M154,P.S. 154 Harriet Tubman,40.810634,-73.948749,0,0,1,0,0,1
05M157,The Urban Assembly School for Global Commerce,40.807063,-73.938829,1,0,0,0,0,0
05M175,P.S. 175 Henry H Garnet,40.81401,-73.942136,1,2,0,5,1,0
05M194,P.S. 194 Countee Cullen,40.821234,-73.94062,1,1,2,0,2,0
05M197,P.S. 197 John B. Russwurm,40.81335,-73.937773,5,25,2,0,10,0
05M200,P.S. 200- The James Mccune Smith School,40.823733,-73.935707,2,0,2,0,2,0
05M318,Thurgood Marshall Academy Lower School,40.825948,-73.937762,2,0,1,8,0,0
05M499,Frederick Douglass Academy,40.824398,-73.936545,2,6,3,30,4,0
05M517,Teachers College Community School,40.812517,-73.95354,0,6,0,0,2,0
05M670,Thurgood Marshall Academy for Learning and Social Change,40.815297,-73.944304,0,1,0,0,1,0
05M692,"High School for Mathematics, Science and Engineering at City College",40.821474,-73.949039,2,1,3,0,0,1
06M103,Dos Puentes Elementary School,40.850574,-73.933933,2,2,2,0,1,0
06M132,P.S. 132 Juan Pablo Duarte,40.850574,-73.933933,4,2,0,20,0,0
06M153,P.S. 153 Adam Clayton Powell,40.826667,-73.947647,4,8,5,0,4,0
06M178,Professor Juan Bosch Public School,40.859348,-73.928276,0,0,0,0,0,1
06M187,P.S./I.S. 187 Hudson Cliffs,40.856148,-73.937206,6,10,0,3,2,0
06M189,P.S. 189,40.853106,-73.927945,1,4,9,1,2,0
06M319,M.S. 319 - Maria Teresa,40.839456,-73.935707,2,0,0,0,2,0
06M324,M.S. 324 - Patria Mirabal,40.839456,-73.935707,4,0,0,1,0,0
06M349,Harbor Heights,40.845562,-73.94008,1,0,0,0,2,0
06M368,Hamilton Heights School,40.826667,-73.947647,3,0,5,0,0,0
06M528,I.S. 528 Bea Fuller Rodgers School,40.850671,-73.93465,2,0,0,1,0,0
07X001,P.S. 001 Courtlandt School,40.819047,-73.919603,3,3,4,0,3,0
07X031,P.S./M.S. 031 The William Lloyd Garrison,40.823283,-73.923899,1,1,0,0,1,0
07X043,P.S. 043 Jonas Bronck,40.806303,-73.921492,1,2,2,0,0,0
07X151,J.H.S. 151 Lou Gehrig,40.823283,-73.923899,3,0,1,0,0,0
07X154,P.S. 154 Jonathan D. Hyatt,40.808244,-73.925741,4,1,2,0,0,0
07X224,P.S./I.S. 224,40.810197,-73.918622,1,1,1,0,0,0
07X334,International Community High School,40.810197,-73.918622,2,0,2,4,4,0
07X343,Academy of Applied Mathematics and Technology,40.810197,-73.918622,2,2,2,1,2,0
07X381,Bronx Haven High School,40.8185,-73.91954,1,0,0,0,0,0
07X522,Bronx Design and Construction Academy,40.8185,-73.91954,0,0,0,0,0,2
07X551,The Urban Assembly Bronx Academy of Letters,40.813666,-73.925921,2,3,8,30,7,6
07X600,Alfred E. Smith Career and Technical Education High School,40.8185,-73.91954,1,0,1,0,0,0
08X014,P.S. X014 Senator John Calandra,40.835535,-73.825861,0,8,1,10,1,0
08X036,P.S. 036 Unionport,40.829446,-73.849749,3,7,1,1,3,0
08X048,P.S. 048 Joseph R. Drake,40.814228,-73.886889,2,2,0,0,0,0
08X071,P.S. 071 Rose E. Scala,40.845595,-73.829638,1,2,3,0,3,0
08X072,P.S. 072 Dr. William Dorney,40.823095,-73.818334,0,0,2,0,3,0
08X093,P.S. 093 Albert G. Oliver,40.822513,-73.877255,1,0,0,0,0,0
08X101,M.S. X101 Edward R. Byrne,40.827175,-73.829317,0,0,0,0,0,0
08X107,P.S. 107,40.818781,-73.868475,4,10,10,6,0,0
08X119,The Dr. Emmett W. Bassett School,40.828567,-73.856869,2,3,1,2,2,0
08X123,J.H.S. 123 James M. Kieran,40.824989,-73.873905,0,0,0,1,1,0
08X125,J.H.S. 125 Henry Hudson,40.829155,-73.857281,0,0,1,0,0,0
08X138,P.S. 138 Samuel Randall,40.822326,-73.852474,1,0,0,1,1,0
08X152,P.S. 152 Evergreen,40.824165,-73.880406,1,1,0,0,0,0
08X293,Renaissance High School for Musical Theater & Technology,40.840106,-73.839336,1,4,1,20,4,0
08X304,P.S. 304 Early Childhood School,40.827175,-73.829317,1,4,4,2,2,0
08X305,Pablo Neruda Academy,40.8214,-73.855687,1,0,2,0,0,0
08X312,Millennium Art Academy,40.8214,-73.855687,2,0,2,0,0,0
08X320,Pelham Lab High School,40.840106,-73.839336,1,1,1,1,0,0
08X337,The School for Inquiry and Social Justice,40.824989,-73.873905,4,4,0,0,0,0
08X348,Schuylerville Preparatory High School,40.840106,-73.839336,0,0,0,0,0,0
08X349,Bronx River High School,40.840106,-73.839336,0,0,4,0,0,0
08X376,Antonia Pantoja Preparatory Academy: A College Board School,40.8214,-73.855687,0,2,2,0,1,0
08X377,Bronx Community High School,40.8214,-73.855687,1,0,2,1,0,0
08X405,Herbert H. Lehman High School,40.840106,-73.839336,1,2,2,0,0,0
08X432,Bronx Bridges High School,40.8214,-73.855687,2,0,0,0,2,0
08X452,Gotham Collaborative High School,40.8214,-73.855687,4,1,3,1,4,0
08X519,"Felisa Rincon de Gautier Institute for Law and Public Policy, The",40.821097,-73.881127,0,0,0,0,0,0
08X537,Bronx Arena High School,40.821097,-73.881127,2,0,0,0,0,0
08X558,Westchester Square Academy,40.840106,-73.839336,0,0,1,0,0,0
08X561,Bronx Compass High School,40.8214,-73.855687,2,2,2,0,2,0
08X562,Blueprint Middle School,40.829155,-73.857281,1,0,0,2,0,0
09X004,P.S./M.S. 004 Crotona Park West,40.84117,-73.89828,0,1,4,0,1,0
09X011,P.S. 011 Highbridge,40.839738,-73.925787,6,2,0,0,4,0
09X022,J.H.S. 022 Jordan L. Mott,40.83245,-73.913939,2,5,5,0,2,0
09X028,P.S. 028 Mount Hope,40.848353,-73.90374,0,0,0,0,0,0
09X035,P.S. 035 Franz Siegel,40.827559,-73.917933,1,0,1,0,0,0
09X042,P.S. 042 Claremont,40.838559,-73.903026,2,2,2,0,3,0
09X063,P.S. 063 Author's Academy,40.830895,-73.902386,2,2,0,0,0,0
09X070,P.S. 070 Max Schoenfeld,40.84396,-73.908047,1,1,16,0,0,0
09X073,P.S. 073 Bronx,40.832659,-73.926603,1,3,0,0,0,0
09X088,P.S. X088 - S. Silverstein Little Sparrow School,40.837026,-73.913524,0,2,0,0,0,0
09X109,P.S. 109 Sedgwick,40.851788,-73.918621,1,0,0,0,3,0
09X114,P.S. X114 - Luis Llorens Torres Schools,40.834946,-73.923261,2,3,2,0,2,0
09X117,I.S. 117 Joseph H. Wade,40.84858,-73.908745,2,0,3,0,0,0
09X126,P.S. 126 Dr Marjorie H Dunbar,40.836067,-73.928385,1,2,2,0,0,0
09X132,P.S. 132 Garret A. Morgan,40.832097,-73.907048,0,0,3,30,3,0
09X163,P.S. 163 Arthur A. Schomburg,40.851801,-73.898826,0,0,0,0,0,0
09X170,P.S. 170,40.844524,-73.913275,1,10,8,0,2,0
09X199,P.S. 199X - The Shakespeare School,40.84366,-73.920597,3,3,4,0,10,3
09X204,P.S. 204 Morris Heights,40.850084,-73.915131,25,0,1,0,5,0
09X218,P.S./I.S. 218 Rafael Hernandez Dual Language Magnet School,40.835483,-73.919724,2,2,4,0,2,0
09X227,Bronx Collegiate Academy,40.839867,-73.911159,2,0,1,2,1,0
09X229,I.S. 229 Roland Patterson,40.853105,-73.920704,1,0,0,0,2,0
09X236,P.S. 236 Langston Hughes,40.848971,-73.909758,2,7,4,0,2,0
09X241,"Urban Assembly School for Applied Math and Science, The",40.839401,-73.901966,1,0,2,4,1,0
09X250,Eximius College Preparatory Academy: A College Board School,40.833972,-73.902747,3,0,5,0,2,0
09X252,Mott Hall Bronx High School,40.839401,-73.901966,2,0,6,0,0,0
09X260,Bronx Center for Science and Mathematics,40.833972,-73.902747,0,0,0,0,3,0
09X263,Validus Preparatory Academy,40.839401,-73.901966,1,1,1,0,0,0
09X276,Leadership Institute,40.84117,-73.89828,2,3,1,1,0,0
09X294,The Walton Avenue School,40.840345,-73.915728,2,2,2,0,0,0
09X297,Morris Academy for Collaborative Studies,40.827303,-73.90451,1,1,0,3,2,2
09X303,I.S. X303 Leadership & Community Service,40.849492,-73.915696,2,0,2,4,0,1
09X323,Bronx Writing Academy,40.83245,-73.913939,1,0,1,0,3,0
09X324,Bronx Early College Academy for Teaching & Learning,40.828078,-73.91752,3,2,2,2,6,0
09X327,Comprehensive Model School Project M.S. 327,40.842999,-73.916234,1,0,2,0,1,0
09X329,DreamYard Preparatory School,40.839867,-73.911159,5,5,5,1,3,0
09X350,New Directions Secondary School,40.839867,-73.911159,3,2,2,0,0,0
09X361,The Highbridge Green School,40.838048,-73.927991,0,3,3,3,2,0
09X365,Academy for Language and Technology,40.849492,-73.915696,0,0,2,2,0,2
09X403,Bronx International High School,40.827303,-73.90451,2,1,2,1,0,0
09X404,School for Excellence,40.827303,-73.90451,2,0,0,0,1,0
09X412,Bronx High School of Business,40.839867,-73.911159,2,0,0,0,0,0
09X413,Bronx High School for Medical Science,40.839867,-73.911159,1,0,0,0,1,0
09X443,The Family School,40.832131,-73.917566,1,1,0,0,0,0
09X449,Grant Avenue Elementary School,40.828078,-73.91752,0,9,5,0,1,0
09X505,"Bronx School for Law, Government and Justice",40.827572,-73.918927,1,0,5,0,0,0
09X525,Bronx Leadership Academy High School,40.843429,-73.903109,0,1,1,1,1,0
09X543,High School for Violin and Dance,40.827303,-73.90451,0,1,1,0,0,0
09X555,Mount Eden Children's Academy,40.842999,-73.916234,0,0,3,0,0,0
09X564,Claremont International HS,40.839867,-73.911159,0,0,0,0,2,0
09X568,Young Women's Leadership School of the Bronx,40.84858,-73.908745,0,2,2,2,0,0
10X003,P.S. 3 Raul Julia Micro Society,40.850351,-73.89204,1,1,1,0,0,0
10X007,Milton Fein School,40.881778,-73.905981,0,0,1,0,0,0
10X008,P.S. 008 Isaac Varian,40.872547,-73.88336,30,1,30,0,30,0
10X009,P.S. 9 Ryer Avenue Elementary School,40.856803,-73.898907,2,2,2,0,0,0
10X015,P.S. X015 Institute for Environmental Learning,40.859185,-73.909804,0,0,0,0,0,0
10X020,"P.S./M.S. 20 P.O.George J. Werdann, III",40.869621,-73.879073,0,6,0,0,1,0
10X023,P.S. 023 The New Children's School,40.853394,-73.894823,0,3,4,0,3,0
10X033,P.S. 033 Timothy Dwight,40.861675,-73.901633,0,0,0,0,0,0
10X045,Thomas C. Giordano Middle School 45,40.858363,-73.887043,2,0,1,0,0,0
10X046,P.S. 046 Edgar Allan Poe,40.86695,-73.890627,0,1,4,0,1,0
10X054,P.S./I.S. 54,40.864914,-73.887843,5,0,1,1,2,0
10X056,P.S. 056 Norwood Heights,40.875481,-73.874889,0,7,0,0,0,0
10X059,P.S. 059 The Community School of Technology,40.853105,-73.893569,2,0,1,0,1,0
10X077,Bedford Park Elementary School,40.872376,-73.875996,2,4,4,0,0,0
10X080,J.H.S. 080 The Mosholu Parkway,40.876802,-73.88137,3,3,3,0,3,0
10X085,P.S. 085 Great Expectations,40.85882,-73.894951,1,0,5,0,5,0
10X086,P.S. 086 Kingsbridge Heights,40.869847,-73.898263,30,18,2,30,3,10
10X091,P.S. 091 Bronx,40.857645,-73.90792,4,10,2,0,0,0
10X159,P.S. 159 Luis Munoz Marin Biling,40.855546,-73.893222,3,1,1,0,0,0
10X205,P.S. 205 Fiorello LaGuardia,40.855701,-73.88137,3,0,0,0,2,0
10X206,I.S. 206 Ann Mersereau,40.859566,-73.906267,2,1,1,0,0,0
10X207,P.S. 207,40.878194,-73.906322,18,2,1,1,0,0
10X209,P.S. 209,40.85683,-73.897356,3,4,3,0,9,3
10X225,Theatre Arts Production Company School,40.854655,-73.897036,2,3,2,0,2,2
10X226,P.S. 226,40.855172,-73.916234,1,0,6,0,1,0
10X237,"The Marie Curie School for Medicine, Nursing, and Health Professions",40.875591,-73.90172,2,2,1,1,1,0
10X244,The New School for Leadership and Journalism,40.875591,-73.90172,0,3,0,0,0,0
10X246,P.S. 246 Poe Center,40.865975,-73.895314,1,2,1,3,0,0
10X254,I.S. 254,40.858888,-73.889849,0,2,0,0,0,0
10X264,Bronx Academy for Software Engineering (BASE),40.855428,-73.882427,2,0,0,0,0,0
10X268,Kingsbridge International High School,40.87085,-73.897798,0,0,0,0,0,0
10X279,"P.S. 279 Captain Manuel Rivera, Jr.",40.85476,-73.904981,3,2,2,0,2,0
10X280,P.S./M.S. 280 Mosholu Parkway,40.877203,-73.8815,1,1,0,0,1,0
10X291,P.S. 291,40.859185,-73.909804,9,1,5,2,3,0
10X307,Luisa Pineiro Fuentes School of Science and Discovery,40.869139,-73.901882,0,3,5,0,3,0
10X310,P.S. 310 Marble Hill,40.872605,-73.905348,3,5,7,2,6,0
10X315,P.S. 315 Lab School,40.873612,-73.899836,1,4,4,0,0,0
10X340,P.S. 340,40.869271,-73.897224,3,0,2,1,3,0
10X342,International School for Liberal Arts,40.87085,-73.897798,2,0,1,0,1,1
10X351,Bronx Collaborative High School,40.881217,-73.887585,0,0,0,0,0,0
10X360,P.S. 360,40.874718,-73.902209,0,0,4,0,4,0
10X363,Academy For Personal Leadership And Excellence,40.859493,-73.900461,0,0,0,0,0,0
10X368,In-Tech Academy (M.S. / High School 368),40.879076,-73.911295,4,2,0,0,2,1
10X382,"Elementary School for Math, Science, and Technology",40.855143,-73.903211,0,0,1,0,0,3
10X386,School for Environmental Citizenship,40.855143,-73.903211,0,1,1,0,1,0
10X390,M.S. 390,40.854392,-73.912927,3,1,2,2,0,0
10X391,The Angelo Patri Middle School,40.854655,-73.897036,3,1,0,0,4,0
10X396,P.S. 396,40.854392,-73.912927,6,9,3,2,8,10
10X433,High School for Teaching and the Professions,40.87085,-73.897798,0,0,0,0,0,1
10X440,DeWitt Clinton High School,40.881217,-73.887585,0,1,0,0,0,0
10X442,"Celia Cruz Bronx High School of Music, The",40.87085,-73.897798,0,12,0,0,1,0
10X447,Creston Academy,40.855143,-73.903211,1,1,0,0,0,0
10X459,East Fordham Academy for the Arts,40.859493,-73.900461,2,1,2,0,2,0
10X524,Crotona International High School,40.855428,-73.882427,0,0,0,1,0,2
10X549,Discovery High School,40.87085,-73.897798,0,0,1,1,1,0
10X565,High School for Energy and Technology,40.855428,-73.882427,1,1,1,0,1,0
10X696,High School of American Studies at Lehman College,40.874876,-73.895223,5,2,1,10,5,0
11X041,P.S. 041 Gun Hill Road,40.874607,-73.86791,8,8,8,0,8,0
11X078,P.S. 078 Anne Hutchinson,40.878474,-73.85082,2,3,0,0,1,0
11X087,P.S. 087 Bronx,40.895363,-73.845825,3,4,3,0,0,0
11X096,P.S. 096 Richard Rodgers,40.860808,-73.868564,1,8,3,0,0,0
11X097,P.S. 097 Bronx,40.863072,-73.846947,4,2,1,0,0,3
11X106,P.S. 106 Parkchester,40.836913,-73.855051,1,0,1,0,2,0
11X108,P.S. 108 Philip J. Abinanti,40.854615,-73.852795,2,2,4,2,1,0
11X112,P.S. 112 Bronxwood,40.884767,-73.843974,4,10,5,0,3,0
11X121,P.S. 121 Throop,40.866944,-73.850467,2,2,4,2,0,0
11X127,J.H.S. 127 The Castle Hill,40.838305,-73.853209,0,1,0,0,1,0
11X144,J.H.S. 144 Michelangelo,40.864189,-73.836576,1,3,0,0,2,0
11X194,P.S./M.S. 194,40.8352,-73.846593,3,5,2,5,10,0
11X326,Bronx Green Middle School,40.862481,-73.86497,1,0,1,0,0,0
11X418,Bronx High School for the Visual Arts,40.851747,-73.864506,2,0,0,1,1,0
11X468,Pelham Academy of Academics and Community Engagement,40.862481,-73.86497,0,1,0,0,0,0
11X556,Bronx Park Middle School,40.862481,-73.86497,5,0,1,0,0,0
11X567,Linden Tree Elementary School,40.838305,-73.853209,2,15,4,0,4,0
12X006,P.S. 006 West Farms,40.840667,-73.881506,0,0,2,0,0,0
12X044,P.S. 044 David C. Farragut,40.842419,-73.891108,0,2,4,30,2,3
12X047,P.S. 047 John Randolph,40.832632,-73.867005,1,6,6,0,3,0
12X061,P.S. 061 Francisco Oller,40.836429,-73.892771,10,1,5,30,0,0
12X066,P.S. 066 School of Higher Expectations,40.831256,-73.886607,0,1,1,0,0,0
12X067,P.S. 067 Mohegan School,40.843795,-73.884515,1,3,3,6,3,0
12X098,J.H.S. 098 Herman Ridder,40.836316,-73.890741,10,0,2,0,0,0
12X129,M.S. 129 Academy for Independent Learning and Leadership,40.845853,-73.886494,1,4,2,0,2,0
12X195,P.S. 195,40.83066,-73.877453,0,2,1,0,1,0
12X196,P.S. 196,40.83066,-73.877453,1,2,1,0,1,0
12X211,P.S. 211,40.843769,-73.890328,1,0,2,2,1,0
12X251,Explorations Academy H.S.,40.836316,-73.890741,0,0,0,0,0,0
12X271,East Bronx Academy for the Future,40.836807,-73.88771,1,0,1,0,1,0
12X286,Fannie Lou Hamer Middle School,40.831256,-73.886607,16,7,7,30,10,0
12X300,The School of Science and Applied Learning,40.845881,-73.887063,2,2,4,0,2,0
12X314,Fairmont Neighborhood School,40.834245,-73.887095,0,1,0,0,1,0
12X316,Kappa III,40.845853,-73.886494,2,0,0,0,1,0
12X318,"I.S. X318 Math, Science & Technology Through Arts",40.843769,-73.890328,1,2,1,0,0,0
12X321,Crotona Academy High School,40.829613,-73.892104,1,0,10,0,1,0
12X372,Urban Assembly School for Wildlife Conservation,40.843795,-73.884515,0,0,0,0,0,0
12X383,Emolior Academy,40.83941,-73.880138,1,0,1,0,0,0
12X388,Pan American International High School at Monroe,40.832045,-73.878384,1,1,0,4,0,0
12X446,Arturo A. Schomburg Satellite Academy Bronx,40.82349,-73.898531,1,0,1,0,2,0
12X458,Samara Community School,40.834245,-73.887095,3,2,1,1,0,0
12X463,Urban Scholars Community School,40.828715,-73.900452,1,1,3,2,1,0
12X478,The Cinema School,40.831694,-73.877464,0,0,0,4,0,0
12X480,Bronx Regional High School,40.82349,-73.898531,0,0,0,2,1,0
12X511,Bronx Envision Academy,40.836316,-73.890741,5,5,5,0,1,2
12X521,The Metropolitan Soundview High School,40.832045,-73.878384,1,0,0,0,0,1
12X550,High School of World Cultures,40.832045,-73.878384,0,1,2,0,1,0
12X682,Fannie Lou Hamer Freedom High School,40.831048,-73.885602,2,0,1,0,6,0
12X684,Wings Academy,40.841371,-73.875169,3,0,5,0,0,0
12X691,Bronx Little School,40.838324,-73.866256,4,10,4,2,2,0
12X692,Monroe Academy for Visual Arts and Design,40.832045,-73.878384,1,0,0,0,0,0
13K020,P.S. 020 Clinton Hill,40.691215,-73.971203,4,6,5,8,5,0
13K046,P.S. 046 Edward C. Blum,40.69439,-73.971524,6,2,0,0,0,0
13K054,P.S. 054 Samuel C. Barnes,40.69261,-73.952744,1,1,4,0,1,0
13K056,P.S. 056 Lewis H. Latimer,40.684299,-73.96032,2,6,4,2,3,0
13K093,P.S. 093 William H. Prescott,40.678969,-73.946451,0,0,1,0,1,0
13K113,M.S. 113 Ronald Edmonds Learning Center,40.688504,-73.9714,0,2,3,0,0,0
13K265,Dr. Susan S. McKinney Secondary School of the Arts,40.696917,-73.976061,2,5,3,0,4,0
13K270,P.S. 270 Johann DeKalb,40.689967,-73.961055,3,4,4,0,4,0
13K282,P.S. 282 Park Slope,40.676672,-73.977631,1,1,0,1,1,0
13K301,Satellite East Middle School,40.685945,-73.945303,0,0,0,0,0,0
13K305,P.S. 305 Dr. Peter Ray,40.685945,-73.945303,2,0,1,2,0,0
13K412,Brooklyn Community Arts & Media High School (BCAM),40.692044,-73.958536,4,2,4,4,2,4
13K430,Brooklyn Technical High School,40.688913,-73.976483,1,6,0,1,5,0
13K483,The Urban Assembly School for Law and Justice,40.694625,-73.988421,4,3,3,1,1,2
13K492,Academy of Arts and Letters,40.691215,-73.971203,3,3,2,3,3,0
13K527,Urban Assembly Institute of Math and Science for Young Women,40.694625,-73.988421,7,0,7,0,1,0
13K595,Bedford Academy High School,40.685529,-73.954029,0,3,0,0,0,0
13K605,George Westinghouse Career and Technical Education High School,40.695545,-73.985323,0,1,1,0,0,0
13K616,Brooklyn High School for Leadership and Community Service,40.692044,-73.958536,1,0,0,3,0,4
13K674,"City Polytechnic High School of Engineering, Architecture, and Technology",40.695545,-73.985323,2,0,4,3,4,0
13K691,Fort Greene Preparatory Academy,40.69439,-73.971524,1,0,2,1,3,0
14K016,P.S. 016 Leonard Dunkly,40.705903,-73.962019,5,10,5,0,0,0
14K017,P.S. 017 Henry D. Woodworth,40.71521,-73.956991,2,1,2,4,1,0
14K018,P.S. 018 Edward Bush,40.710734,-73.947038,0,1,0,0,1,0
14K034,P.S. 034 Oliver H. Perry,40.726384,-73.949791,2,3,4,0,10,0
14K050,J.H.S. 050 John D. Wells,40.711743,-73.959632,1,2,2,0,2,0
14K059,P.S. 059 William Floyd,40.697812,-73.943422,0,4,0,0,0,0
14K071,Juan Morel Campos Secondary School,40.70391,-73.953708,12,5,0,1,5,0
14K084,P.S. 084 Jose De Diego,40.714814,-73.963305,1,6,3,2,1,0
14K110,P.S. 110 The Monitor,40.723754,-73.941998,5,5,7,0,3,0
14K120,P.S. 120 Carlos Tapia,40.700742,-73.937681,1,2,2,0,0,0
14K132,P.S. 132 The Conselyea School,40.714808,-73.945804,1,2,6,0,0,4
14K147,P.S. 147 Isaac Remsen,40.705157,-73.939405,2,5,3,0,2,0
14K196,P.S. 196 Ten Eyck,40.708637,-73.939426,1,1,0,0,2,0
14K250,P.S. 250 George H. Lindsay,40.70648,-73.945422,4,3,12,2,6,0
14K318,I.S. 318 Eugenio Maria De Hostos,40.703107,-73.948335,2,2,2,1,1,0
14K414,Brooklyn Arbor Elementary School,40.710054,-73.954845,1,2,1,0,1,0
14K449,"Brooklyn Latin School, The",40.709729,-73.944386,2,0,3,0,9,0
14K454,The Williamsburg High School of Art and Technology,40.709729,-73.944386,1,0,2,0,0,0
14K488,Brooklyn Preparatory High School,40.715374,-73.954595,2,0,2,0,0,1
14K558,Williamsburg High School for Architecture and Design,40.715374,-73.954595,1,0,0,0,0,0
14K561,Williamsburg Preparatory School,40.715374,-73.954595,2,0,2,0,2,0
14K577,Conselyea Preparatory School,40.71521,-73.956991,1,3,1,0,1,0
14K582,M.S. 582,40.708637,-73.939426,1,2,2,0,0,0
14K586,Lyons Community School,40.709729,-73.944386,2,2,2,1,3,0
14K614,Young Women's Leadership School of Brooklyn,40.705157,-73.939405,0,0,0,0,0,0
14K685,El Puente Academy for Peace and Justice,40.705607,-73.955591,3,3,3,0,3,0
15K001,P.S. 001 The Bergen,40.648656,-74.011237,6,10,14,2,5,0
15K032,P.S. 032 Samuel Mills Sprole,40.680431,-73.991704,1,3,9,0,7,0
15K058,P.S. 058 The Carroll,40.680385,-73.995629,3,7,1,0,2,0
15K107,P.S. 107 John W. Kimball,40.663021,-73.98112,2,2,4,4,2,0
15K154,The Windsor Terrace School,40.657119,-73.976048,0,0,0,0,0,0
15K230,P.S. 230 Doris L. Cohen,40.645177,-73.98078,2,2,5,5,5,0
15K261,P.S. 261 Philip Livingston,40.687084,-73.988375,0,2,2,0,1,0
15K295,P.S. 295,40.660959,-73.988926,1,8,2,0,11,0
15K423,Brooklyn Frontiers High School,40.689989,-73.98922,2,0,0,5,1,0
15K429,Digital Arts and Cinema Technology High School,40.68498,-73.9937,1,0,0,3,0,0
15K443,New Voices School of Academic & Creative Arts,40.660959,-73.988926,2,4,4,0,2,1
15K447,The Math & Science Exploratory School,40.683717,-73.98024,2,3,2,0,2,0
15K462,John Jay School for Law,40.669318,-73.978641,1,0,2,0,0,0
15K463,Secondary School for Journalism,40.669318,-73.978641,0,0,0,0,0,0
15K464,Park Slope Collegiate,40.669318,-73.978641,2,2,2,1,2,0
15K497,The Boerum Hill School for International Studies,40.68498,-73.9937,3,2,3,0,2,0
15K519,Cobble Hill School of American Studies,40.684203,-73.990189,0,0,0,0,3,0
15K529,West Brooklyn Community High School,40.642822,-73.992516,3,3,0,0,3,1
15K656,Brooklyn High School of the Arts,40.683717,-73.98024,2,6,1,0,5,0
15K667,Sunset Park High School,40.655597,-74.004217,6,1,1,0,1,0
15K676,Red Hook Neighborhood School,40.677865,-74.004925,0,0,0,0,0,0
15K684,Millennium Brooklyn HS,40.669318,-73.978641,3,1,3,0,3,0
15K767,The Little Brooklyn Pre-K Center,40.661239,-73.998812,2,0,2,0,0,0
16K021,P.S. 021 Crispus Attucks,40.680519,-73.926154,1,1,1,0,0,1
16K026,P.S. 026 Jesse Owens,40.691976,-73.931488,1,5,3,1,2,0
16K028,P.S. 028 The Warren Prep Academy,40.678161,-73.920219,0,3,3,0,0,0
16K035,M.S. 035 Stephen Decatur,40.681849,-73.935034,2,0,2,0,0,0
16K040,P.S. 040 George W. Carver,40.680193,-73.921423,3,2,4,1,2,0
16K057,J.H.S. 057 Whitelaw Reid,40.691616,-73.933273,2,0,4,0,2,0
16K243,P.S. 243K- The Weeksville School,40.675826,-73.935523,0,1,2,0,1,0
16K393,Frederick Douglass Academy IV Secondary School,40.691616,-73.933273,2,0,2,0,0,0
16K455,Boys and Girls High School,40.678923,-73.931659,0,0,1,0,2,0
16K498,Brooklyn High School for Law and Technology,40.688414,-73.920826,2,0,3,2,2,0
16K594,Gotham Professional Arts Academy,40.680193,-73.921423,2,1,1,0,2,1
16K627,Brighter Choice Community School,40.693757,-73.940712,2,2,1,0,0,0
16K628,Brooklyn Brownstone School,40.681849,-73.935034,2,3,0,9,0,0
16K681,Madiba Prep Middle School,40.691976,-73.931488,3,3,4,0,3,0
16K688,The Brooklyn Academy of Global Finance,40.691616,-73.933273,1,0,2,0,0,1
17K161,P.S. 161 The Crown,40.665905,-73.9492,0,1,5,0,2,0
17K181,P.S. 181 Brooklyn,40.648096,-73.945993,0,0,2,1,2,0
17K189,P.S. 189 The Bilingual Center,40.665416,-73.925649,0,5,7,0,10,0
17K191,P.S. 191 Paul Robeson,40.671776,-73.924179,0,0,10,0,0,0
17K249,P.S. 249 The Caton,40.649757,-73.966382,2,2,4,2,3,2
17K340,I.S. 340,40.676246,-73.969734,0,3,0,0,0,0
17K354,The School of Integrated Learning,40.672319,-73.937222,0,5,6,0,3,0
17K394,M.S. K394,40.672706,-73.92893,1,3,3,0,2,0
17K532,New Bridges Elementary,40.669473,-73.934372,3,3,3,0,2,0
17K568,Brownsville Academy High School,40.666295,-73.92395,0,0,0,0,0,0
17K590,Medgar Evers College Preparatory School,40.667,-73.951014,2,2,2,0,0,0
17K751,Academy for Health Careers,40.675396,-73.939123,0,0,0,0,0,0
18K114,P.S. 114 Ryder Elementary,40.642544,-73.90803,0,6,0,0,4,0
18K115,P.S. 115 Daniel Mucatel School,40.635096,-73.897811,1,2,2,1,1,2
18K211,I.S. 211 John Wilson,40.643271,-73.89584,1,0,1,0,0,0
18K219,P.S. 219 Kennedy-King,40.659161,-73.922434,2,5,5,2,5,0
18K268,P.S. 268 Emma Lazarus,40.657414,-73.927807,10,0,2,3,0,0
18K272,P.S. 272 Curtis Estabrook,40.626342,-73.900601,2,4,4,2,2,0
18K276,P.S. 276 Louis Marshall,40.633712,-73.907966,3,6,6,0,0,0
18K279,P.S. 279 Herman Schreiber,40.644158,-73.892579,1,0,0,1,0,0
18K588,Middle School for Art and Philosophy,40.657983,-73.920138,2,3,3,0,2,0
18K617,High School for Innovation in Advertising and Media,40.640443,-73.89878,0,0,0,0,1,0
18K633,High School for Medical Professions,40.640443,-73.89878,1,0,0,1,0,0
18K642,Urban Action Academy,40.640443,-73.89878,3,0,0,0,0,0
19K089,P.S. 089 Cypress Hills,40.67779,-73.886699,2,2,3,1,2,0
19K108,P.S. 108 Sal Abbracciamento,40.681235,-73.88431,4,6,4,0,6,0
19K159,P.S. 159 Isaac Pitkin,40.675985,-73.869644,12,4,5,1,16,4
19K214,P.S. 214 Michael Friedsam,40.676324,-73.863062,0,0,0,0,0,0
19K290,P.S. 290 Juan Morel Campos,40.67815,-73.889478,2,0,5,3,1,0
19K292,J.H.S. 292 Margaret S. Douglas,40.671606,-73.893351,2,2,2,0,0,0
19K328,P.S. 328 Phyllis Wheatley,40.667909,-73.898412,3,0,4,0,0,0
19K345,P.S. 345 Patrolman Robert Bolden,40.676259,-73.880038,1,9,6,4,7,3
19K346,P.S. 346 Abe Stark,40.646721,-73.88183,0,3,3,0,0,0
19K364,I.S. 364 Gateway,40.646471,-73.881132,1,2,2,0,3,1
19K404,Academy for Young Writers,40.657091,-73.874432,2,2,0,0,2,0
19K409,East New York Family Academy,40.661156,-73.886837,1,0,0,0,0,0
19K422,Spring Creek Community School,40.657091,-73.874432,1,0,2,0,2,0
19K452,Frederick Douglass Academy VIII Middle School,40.646721,-73.88183,6,2,4,0,1,0
19K615,Transit Tech Career and Technical Education High School,40.678867,-73.875307,1,0,4,0,0,0
19K660,W. H. Maxwell Career and Technical Education High School,40.673837,-73.896077,1,0,1,0,3,0
20K102,P.S. 102 The Bayview,40.634228,-74.029018,2,4,4,4,4,0
20K105,P.S. 105 The Blythebourne,40.633114,-74.003617,5,5,7,0,0,0
20K163,P.S. 163 Bath Beach,40.606767,-74.007767,2,2,1,1,1,0
20K176,P.S. 176 Ovington,40.62478,-74.005132,1,4,8,2,3,0
20K179,P.S. 179 Kensington,40.640205,-73.977264,2,3,2,0,2,0
20K187,The Christa McAuliffe School\I.S. 187,40.627846,-74.004023,1,2,1,1,1,0
20K200,P.S. 200 Benson School,40.603006,-74.00197,1,6,4,0,2,0
20K229,P.S. 229 Dyker,40.610559,-74.013166,1,4,0,0,4,3
20K445,New Utrecht High School,40.613032,-74.002158,3,2,2,0,0,0
20K503,P.S. 503: The School of Discovery,40.641918,-74.019087,5,0,1,0,8,0
20K506,P.S. 506: The School of Journalism & Technology,40.641918,-74.019087,0,2,3,0,3,0
20K748,P.S. 748 Brooklyn School for Global Scholars,40.606986,-74.007335,1,1,1,0,1,1
21K090,P.S. 90 Edna Cohen School,40.578894,-73.979604,3,8,5,0,20,0
21K095,P.S. 095 The Gravesend,40.595757,-73.974852,1,6,5,1,3,10
21K097,P.S. 97 The Highlawn,40.600974,-73.985666,2,4,0,0,3,0
21K098,I.S. 98 Bay Academy,40.583111,-73.954189,8,7,2,0,2,0
21K099,P.S. 099 Isaac Asimov,40.621526,-73.965831,2,2,3,0,5,3
21K100,P.S. 100 The Coney Island School,40.577543,-73.970827,1,2,3,0,24,0
21K101,P.S. 101 The Verrazano,40.597549,-73.992083,1,3,5,1,4,0
21K128,P.S. 128 Bensonhurst,40.604933,-73.995032,14,2,7,0,11,2
21K153,P.S. 153 Homecrest,40.601162,-73.959999,1,1,1,0,6,0
21K177,P.S. 177 The Marlboro,40.608431,-73.974412,0,8,2,0,4,2
21K188,P.S. 188 Michael E. Berdy,40.576918,-74.000541,3,2,2,0,2,0
21K199,P.S. 199 Frederick Wachtel,40.616567,-73.963134,1,1,1,0,1,6
21K209,P.S. 209 Margaret Mead,40.586691,-73.961652,0,0,0,0,0,4
21K225,P.S. K225 - The Eileen E. Zaglin,40.57986,-73.956085,2,2,2,1,1,0
21K228,I.S. 228 David A. Boody,40.600678,-73.977034,1,4,4,0,6,0
21K238,P.S. 238 Anne Sullivan,40.608636,-73.964683,4,6,6,0,6,2
21K239,Mark Twain I.S. 239 for the Gifted & Talented,40.578715,-73.992461,4,7,4,4,4,0
21K329,P.S. 329 Surfside,40.574693,-73.995766,2,4,4,0,0,0
21K337,International High School at Lafayette,40.593758,-73.986355,2,1,1,1,0,0
21K348,High School of Sports Management,40.593758,-73.986355,0,1,0,1,2,0
21K410,Abraham Lincoln High School,40.582863,-73.968218,2,1,0,0,3,0
21K468,Kingsborough Early College School,40.593758,-73.986355,1,0,1,3,1,1
21K525,Edward R. Murrow High School,40.619542,-73.958943,10,10,1,0,6,0
21K559,Life Academy High School for Film and Music,40.593758,-73.986355,1,0,0,1,0,0
21K572,Expeditionary Learning School for Community Leaders,40.593758,-73.986355,4,2,2,1,0,0
21K620,William E. Grady Career and Technical Education High School,40.582959,-73.963443,0,0,0,0,1,0
21K728,Liberation Diploma Plus,40.577178,-73.985712,1,2,1,0,1,0
22K014,J.H.S. 014 Shell Bank,40.593469,-73.938277,5,3,3,1,6,0
22K052,P.S. 052 Sheepshead Bay,40.587404,-73.940251,2,15,12,2,25,0
22K078,J.H.S. 078 Roy H. Mann,40.620839,-73.913102,3,2,2,2,0,0
22K109,P.S. 109,40.636395,-73.933318,1,0,2,2,2,0
22K139,P.S. 139 Alexine A. Fenty,40.641359,-73.965785,1,10,7,3,1,0
22K193,P.S. 193 Gil Hodges,40.621829,-73.950406,0,4,1,2,1,0
22K194,P.S. 194 Raoul Wallenberg,40.597321,-73.933869,8,7,5,10,3,0
22K195,P.S. 195 Manhattan Beach,40.580476,-73.943789,3,0,2,0,0,1
22K197,P.S. 197 - The Kings Highway Academy,40.612571,-73.951645,4,12,10,25,12,2
22K206,P.S. 206 Joseph F Lamb,40.597273,-73.948427,4,5,6,0,6,0
22K217,P.S. 217 Colonel David Marcus School,40.633768,-73.966244,1,3,0,1,2,0
22K222,P.S. 222 Katherine R. Snyder,40.61366,-73.939059,8,8,5,0,1,0
22K234,J.H.S. 234 Arthur W. Cunningham,40.604513,-73.955167,2,3,6,1,3,1
22K240,Andries Hudde,40.623969,-73.947095,0,0,1,0,1,0
22K245,P.S. 245,40.644778,-73.962852,0,6,6,1,4,0
22K251,P.S. 251 Paerdegat,40.63124,-73.923995,1,0,3,0,2,0
22K254,P.S. 254 Dag Hammarskjold,40.590971,-73.951458,5,8,1,0,1,8
22K255,P.S. 255 Barbara Reing School,40.604366,-73.955866,30,30,30,30,30,0
22K269,P.S. 269 Nostrand,40.637789,-73.947463,0,1,0,0,0,0
22K277,P.S. 277 Gerritsen Beach,40.595878,-73.927963,0,1,1,0,8,0
22K278,J.H.S. 278 Marine Park,40.607081,-73.939671,2,4,0,0,8,0
22K315,P.S. K315,40.632619,-73.954263,1,0,3,0,0,0
22K326,P.S. 326,40.628425,-73.928129,2,4,4,0,4,0
22K361,P.S. 361 East Flatbush Early Childhood School,40.640749,-73.947079,1,2,0,0,0,0
22K381,I. S. 381,40.623969,-73.947095,2,0,3,0,0,0
22K405,Midwood High School,40.633147,-73.952363,2,6,0,0,6,0
22K535,Leon M. Goldstein High School for the Sciences,40.580724,-73.935021,1,2,0,0,0,0
22K611,Origins High School,40.59314,-73.936638,1,1,3,0,1,0
22K630,Professional Pathways High School,40.59314,-73.936638,3,1,1,1,0,0
22K853,The Joan Snow Pre-K Center,40.629807,-73.965763,4,0,0,0,0,10
23K137,P.S./I.S. 137 Rachel Jean Mitchell,40.68223,-73.916739,0,3,3,8,0,0
23K155,P.S./ I.S. 155 Nicholas Herkimer,40.6776,-73.908655,0,2,2,0,0,0
23K284,"The Gregory Jocko Jackson School of Sports, Art, and Technology",40.666933,-73.907553,1,3,2,2,2,0
23K323,P.S./I.S. 323,40.666317,-73.911089,1,5,5,4,2,0
23K327,P.S. 327 Dr. Rose B. English,40.668206,-73.912038,1,1,4,1,4,0
23K392,I.S. 392,40.66546,-73.918068,2,0,3,0,5,0
23K493,Brooklyn Collegiate: A College Board School,40.674514,-73.913294,2,2,2,0,0,5
23K514,Frederick Douglass Academy VII High School,40.665488,-73.912054,0,0,3,0,3,0
23K522,Mott Hall IV,40.678281,-73.915866,2,2,2,2,0,0
23K646,Aspirations Diploma Plus High School,40.677569,-73.903832,0,0,3,1,0,0
23K664,Brooklyn Environmental Exploration School (BEES),40.68064,-73.910793,0,0,0,0,0,0
23K697,Teachers Preparatory High School,40.665488,-73.912054,2,1,4,1,1,1
24Q014,P.S. 014 Fairview,40.740917,-73.854302,2,13,1,0,30,2
24Q028,P.S. 28 - The Thomas Emanuel Early Childhood Center,40.747112,-73.854174,1,3,0,0,0,0
24Q143,P.S. 143 Louis Armstrong,40.755182,-73.855476,2,2,2,4,2,0
24Q239,P.S. 239,40.69943,-73.903833,0,2,0,0,5,0
24Q264,Academy of Finance and Enterprise,40.744902,-73.936809,0,0,0,0,0,0
24Q299,Bard High School Early College Queens,40.744902,-73.936809,2,2,3,0,6,0
24Q330,P.S. 330,40.757672,-73.858952,1,3,2,0,0,0
24Q485,Grover Cleveland High School,40.711632,-73.909166,2,4,0,0,4,2
24Q550,High School for Arts and Business,40.73769,-73.85344,3,4,1,2,1,1
25Q020,P.S. 020 John Bowne,40.758194,-73.823798,5,8,12,5,2,0
25Q021,P.S. 021 Edward Hart,40.774168,-73.818543,1,5,2,2,2,18
25Q022,P.S. 022 Thomas Jefferson,40.761791,-73.810899,0,2,3,3,6,0
25Q024,P.S. 024 Andrew Jackson,40.751713,-73.817823,12,4,6,0,3,0
25Q025,I.S. 025 Adrien Block,40.765043,-73.789612,1,6,6,0,0,0
25Q029,P.S. 029 Queens,40.777979,-73.842827,1,10,6,1,26,0
25Q032,P.S. 032 State Street,40.765209,-73.794254,2,3,2,0,5,0
25Q079,P.S. 079 Francis Lewis,40.785959,-73.817349,10,1,2,3,2,0
25Q107,P.S. 107 Thomas A Dooley,40.755653,-73.799147,0,5,6,0,15,0
25Q129,P.S. 129 Patricia Larkin,40.789929,-73.839501,0,0,1,0,2,0
25Q130,P.S. 130,40.760072,-73.783908,4,4,0,0,1,0
25Q163,P.S. 163 Flushing Heights,40.740899,-73.808767,1,1,17,0,3,0
25Q164,P.S. 164 Queens Valley,40.721159,-73.823164,4,4,2,2,3,0
25Q184,P.S. 184 Flushing Manor,40.778164,-73.799841,4,0,6,0,1,0
25Q185,J.H.S. 185 Edward Bleeker,40.775122,-73.8185,3,6,3,0,0,0
25Q189,J.H.S. 189 Daniel Carter Beard,40.760344,-73.817909,1,1,1,1,0,0
25Q193,P.S. 193 Alfred J. Kennedy,40.792281,-73.809559,1,3,2,7,2,0
25Q194,J.H.S. 194 William Carr,40.78322,-73.806977,1,3,2,0,1,0
25Q209,P.S. 209 Clearview Gardens,40.783714,-73.795027,10,3,0,0,0,0
25Q214,P.S. 214 Cadwallader Colden,40.770143,-73.828076,2,2,2,2,4,0
25Q219,P.S. 219 Paul Klapper,40.735855,-73.823583,10,5,1,0,0,1
25Q242,P.S. 242 Leonard P. Stavisky Early Childhood School,40.769784,-73.832028,8,3,2,0,4,0
25Q244,The Active Learning Elementary School,40.75456,-73.826192,2,2,3,1,0,2
25Q250,I.S. 250 The Robert F. Kennedy Community Middle School,40.724191,-73.80937,0,2,1,0,0,0
25Q252,"Queens School of Inquiry, The",40.724191,-73.80937,10,1,1,0,3,0
25Q263,Flushing International High School,40.760344,-73.817909,3,0,0,2,1,0
25Q285,World Journalism Preparatory: A College Board School,40.765043,-73.789612,0,0,0,0,1,0
25Q294,BELL Academy,40.782346,-73.77844,4,2,0,0,1,0
25Q499,"The Queens College School for Math, Science and Technology",40.738332,-73.82028,1,4,1,0,1,0
25Q525,Townsend Harris High School,40.735175,-73.821229,2,3,1,0,1,2
25Q540,Queens Academy High School,40.765609,-73.828329,0,0,0,0,0,0
25Q792,North Queens Community High School,40.721519,-73.820575,1,0,0,0,0,0
26Q026,P.S. 026 Rufus King,40.736575,-73.778081,1,1,0,0,1,0
26Q031,P.S. 031 Bayside,40.757617,-73.768955,6,7,7,4,21,0
26Q041,P.S. 041 Crocheron,40.769949,-73.770906,1,9,4,4,18,1
26Q133,P.S. 133 Queens,40.73192,-73.71798,1,0,1,2,6,0
26Q159,P.S. 159,40.770092,-73.783977,1,4,3,28,5,0
26Q162,P.S. 162 John Golden,40.748394,-73.776565,1,2,2,0,1,0
26Q173,P.S. 173 Fresh Meadows,40.734195,-73.795364,10,4,4,0,12,0
26Q178,P.S./ IS 178 Holliswood,40.724314,-73.777014,10,10,10,10,1,0
26Q186,P.S. 186 Castlewood,40.749641,-73.721449,1,5,4,0,4,0
26Q188,P.S. 188 Kingsbury,40.735068,-73.751882,1,0,1,0,2,0
26Q213,P.S. 213 The Carl Ullman School,40.747524,-73.745381,2,5,3,0,2,0
26Q315,Business Technology Early College High School,40.733631,-73.739144,2,1,2,0,1,0
26Q435,Martin Van Buren High School,40.733631,-73.739144,1,2,2,2,1,0
26Q495,Bayside High School,40.771101,-73.78021,1,4,4,0,2,0
27Q045,P.S. 045 Clarence Witherspoon,40.667489,-73.789659,1,2,3,0,0,0
27Q053,M.S. 053 Brian Piccolo,40.604018,-73.749554,3,3,3,0,2,0
27Q065,P.S. 65 - The Raymond York Elementary School,40.682654,-73.841569,0,3,3,0,2,0
27Q096,P.S. 096,40.675349,-73.808133,2,3,4,2,5,0
27Q100,P.S. 100 Glen Morris,40.673871,-73.82054,1,4,1,6,1,0
27Q104,P.S. 104 The Bays Water,40.6082,-73.764899,11,5,10,8,3,0
27Q106,Lighthouse Elementary School,40.594681,-73.767108,0,3,2,0,2,0
27Q108,P.S. 108 Captain Vincent G. Fowler,40.679313,-73.830925,1,2,8,0,4,0
27Q114,P.S./M.S. 114 Belle Harbor,40.577924,-73.854101,1,3,0,0,0,0
27Q124,P.S. 124 Osmond A Church,40.665478,-73.811093,3,4,4,0,0,0
27Q137,M.S. 137 America's School of Heroes,40.67807,-73.839652,3,3,4,0,12,0
27Q155,P.S. 155,40.679213,-73.810192,0,3,2,1,0,1
27Q183,P.S. 183 Dr. Richard R. Green,40.588918,-73.805874,1,8,3,5,2,0
27Q202,J.H.S. 202 Robert H. Goddard,40.671844,-73.845194,2,4,0,0,4,0
27Q207,P.S. 207 Rockwood Park,40.657662,-73.84402,10,2,1,2,1,0
27Q223,P.S. 223 Lyndon B. Johnson,40.674555,-73.790212,2,3,3,2,1,0
27Q226,J.H.S. 226 Virgil I. Grissom,40.675785,-73.816964,1,1,4,0,1,1
27Q232,P.S. 232 Lindenwood,40.665769,-73.8508,2,7,2,0,3,0
27Q253,P.S. 253,40.60739,-73.748843,1,1,3,0,0,10
27Q261,Voyages Prep - South Queens,40.674893,-73.783178,1,1,1,0,0,0
27Q262,Channel View School for Research,40.586666,-73.823435,10,5,6,0,0,0
27Q308,Robert H. Goddard High School of Communication Arts and Technology,40.671844,-73.845194,1,0,1,0,1,0
27Q314,Epic High School - South,40.675785,-73.816964,1,0,0,0,0,0
27Q317,Waterside Children's Studio School,40.580925,-73.83143,8,2,7,3,4,0
27Q318,Waterside School For Leadership,40.580925,-73.83143,2,2,2,0,0,0
27Q319,Village Academy,40.604018,-73.749554,2,2,2,2,2,0
27Q323,Scholars' Academy,40.584272,-73.825089,3,3,2,1,6,30
27Q324,Rockaway Park High School for Environmental Sustainability,40.586666,-73.823435,1,3,0,0,0,2
27Q333,Goldie Maple Academy,40.593987,-73.786652,1,4,3,0,2,2
27Q336,Curious Young Learners Pre-K Center,40.674555,-73.790212,1,0,0,0,1,0
27Q351,Rockaway Collegiate High School,40.586666,-73.823435,2,0,3,0,0,0
27Q480,John Adams High School,40.678603,-73.83697,2,2,0,0,2,0
28Q008,J.H.S. 008 Richard S. Grossley,40.697147,-73.786487,3,2,0,0,0,0
28Q040,P.S. 040 Samuel Huntington,40.69403,-73.790853,1,0,0,0,0,0
28Q048,P.S. 048 William Wordsworth,40.693624,-73.796092,0,3,3,0,0,0
28Q050,P.S. 050 Talfourd Lawn Elementary School,40.694968,-73.807466,1,4,4,0,6,0
28Q055,P.S. 055 Maure,40.6936,-73.816147,0,0,2,0,0,0
28Q072,Catherine & Count Basie Middle School 72,40.674934,-73.775784,1,1,1,0,0,1
28Q101,P.S. 101 School in the Gardens,40.715537,-73.843379,0,2,1,0,1,0
28Q121,P.S. 121 Queens,40.683858,-73.815542,5,0,4,0,0,30
28Q140,P.S. 140 Edward K Ellington,40.687364,-73.781018,1,4,4,5,5,0
28Q160,P.S. 160 Walter Francis Bishop,40.688017,-73.799965,1,5,2,1,5,0
28Q161,P.S. 161 Arthur Ashe School,40.690426,-73.821065,0,0,6,0,2,0
28Q182,P.S. 182 Samantha Smith,40.706699,-73.803262,1,4,0,0,5,0
28Q284,York Early College Academy,40.697147,-73.786487,2,0,0,0,3,0
28Q303,The Academy for Excellence through the Arts,40.725755,-73.844042,1,2,2,0,3,4
28Q310,Queens Collegiate: A College Board School,40.712969,-73.798459,2,2,2,0,1,0
28Q312,Jamaica Children's School,40.69403,-73.790853,2,6,1,1,18,0
28Q325,Hillside Arts & Letters Academy,40.712969,-73.798459,10,3,7,4,5,7
28Q328,High School for Community Leadership,40.712969,-73.798459,1,1,1,1,0,0
28Q332,Redwood Middle School,40.674934,-73.775784,2,0,0,0,2,0
28Q338,Queens Satellite High School for Opportunity,40.708256,-73.799585,0,0,2,1,0,0
28Q350,Jamaica Gateway to the Sciences,40.712969,-73.798459,0,1,1,0,1,0
28Q354,The Jermaine L. Green STEM Institute of Queens,40.679788,-73.774457,4,3,3,4,1,0
28Q505,Hillcrest High School,40.709523,-73.802472,2,3,4,2,5,0
28Q620,Thomas A. Edison Career and Technical Education High School,40.716211,-73.798804,1,0,1,0,1,0
28Q680,Queens Gateway to Health Sciences Secondary School,40.718475,-73.805973,3,2,0,0,0,0
28Q690,High School for Law Enforcement and Public Safety,40.686367,-73.78424,4,0,0,0,0,0
28Q896,"Young Women's Leadership School, Queens",40.708453,-73.804181,0,1,1,0,0,0
29Q035,P.S. 035 Nathaniel Woodhull,40.713433,-73.768881,4,4,1,0,0,0
29Q036,P.S. 036 Saint Albans School,40.691255,-73.763961,0,7,7,0,7,0
29Q037,Cynthia Jenkins School,40.676246,-73.757609,0,0,0,0,0,0
29Q038,P.S. 038 Rosedale,40.671165,-73.733854,0,4,1,0,0,0
29Q052,P.S. 052 Queens,40.661333,-73.766813,0,0,0,0,0,0
29Q095,P.S. 095 Eastwood,40.711288,-73.783282,0,10,10,5,0,0
29Q109,Jean Nuzzi Intermediate School,40.720422,-73.746613,1,3,3,0,3,0
29Q116,P.S./I.S. 116 William C. Hughley,40.700688,-73.781845,1,2,2,0,2,0
29Q131,P.S. 131 Abigail Adams,40.716997,-73.793918,1,0,0,0,2,1
29Q135,The Bellaire School,40.720849,-73.757595,2,2,2,0,0,0
29Q136,P.S. 136 Roy Wilkins,40.698584,-73.752527,4,4,4,0,3,0
29Q147,P.S./M.S. 147 Ronald McNair,40.698026,-73.740151,0,0,2,0,2,0
29Q156,P.S. 156 Laurelton,40.672087,-73.743438,4,1,0,0,3,2
29Q176,P.S. 176 Cambria Heights,40.684841,-73.729719,2,4,2,2,0,0
29Q192,I.S. 192 The Linden,40.705754,-73.752708,2,4,2,1,2,0
29Q195,P.S. 195 William Haberle,40.652662,-73.734821,0,4,3,6,1,0
29Q243,Institute for Health Professions at Cambria Heights,40.698328,-73.74615,2,0,0,0,0,3
29Q251,P.S. 251 Queens,40.665341,-73.759335,0,2,0,0,0,0
29Q265,Excelsior Preparatory High School,40.667587,-73.758174,1,4,1,0,0,0
29Q270,The Gordon Parks School,40.67499,-73.736358,5,12,12,0,2,1
29Q272,George Washington Carver High School for the Sciences,40.667587,-73.758174,1,2,2,1,0,2
29Q283,Preparatory Academy for Writers: A College Board School,40.667587,-73.758174,1,1,0,2,2,0
29Q289,Queens United Middle School,40.672087,-73.743438,0,0,8,0,1,0
29Q313,Benjamin Franklin High School for Finance & Information Technology,40.698328,-73.74615,0,2,2,0,0,0
29Q326,Cambria Heights Academy,40.711715,-73.770781,2,0,0,1,1,0
29Q355,Collaborative Arts Middle School,40.664972,-73.759115,2,2,3,1,0,0
29Q360,P.S. 360,40.702414,-73.75629,10,5,2,24,0,0
29Q492,"Mathematics, Science Research and Technology Magnet High School",40.698328,-73.74615,0,0,0,0,0,0
29Q498,Humanities & Arts Magnet High School,40.698328,-73.74615,3,0,3,0,1,0
30Q017,P.S. 017 Henry David Thoreau,40.768261,-73.922868,1,0,1,0,5,0
30Q070,P.S. 070,40.761737,-73.9137,6,1,5,4,6,0
30Q084,P.S. 084 Steinway,40.771182,-73.906108,2,2,2,0,2,0
30Q085,P.S. 085 Judge Charles Vallone,40.773009,-73.914843,0,0,0,0,0,0
30Q112,P.S. 112 Dutch Kills,40.7572,-73.934007,3,3,2,0,1,0
30Q122,P.S. 122 Mamie Fay,40.780287,-73.916047,7,4,4,1,2,0
30Q126,Albert Shanker School for Visual and Performing Arts,40.766038,-73.929966,0,0,1,0,1,0
30Q145,I.S. 145 Joseph Pulitzer,40.754326,-73.887594,1,2,0,0,0,0
30Q152,P.S. 152 Gwendoline N. Alleyne School,40.752946,-73.900387,8,2,12,0,10,0
30Q166,P.S. 166 Henry Gradstein,40.757386,-73.926108,1,6,6,0,15,1
30Q171,P.S. 171 Peter G. Van Alst,40.771098,-73.929462,30,6,6,2,3,0
30Q212,P.S. 212,40.75306,-73.884654,4,2,6,6,1,2
30Q227,I.S. 227 Louis Armstrong,40.757566,-73.874573,2,8,0,2,3,4
30Q228,P.S. 228 Early Childhood Magnet School of the Arts,40.757014,-73.874847,4,5,3,8,10,0
30Q234,P.S. 234,40.767039,-73.92319,1,0,18,3,14,5
30Q235,Academy for New Americans,40.766889,-73.923215,1,3,3,0,1,0
30Q280,P.S. 280,40.753796,-73.873928,2,4,0,0,0,0
30Q286,"Young Women's Leadership School, Astoria",40.771309,-73.924179,4,2,4,2,2,0
30Q291,Hunters Point Community Middle School,40.74308,-73.959251,2,4,1,0,2,0
30Q300,The 30th Avenue School (G&T Citywide),40.768261,-73.922868,10,1,2,0,1,0
30Q301,Academy for Careers in Television and Film,40.74308,-73.959251,2,0,0,12,0,0
30Q329,East Elmhurst Community School,40.761609,-73.871907,1,7,3,0,0,0
30Q450,Long Island City High School,40.76547,-73.933053,2,5,1,0,1,6
30Q502,Information Technology High School,40.748517,-73.946416,2,3,0,3,0,0
30Q555,Newcomers High School,40.751431,-73.936855,1,2,1,0,0,0
30Q575,Academy of American Studies,40.751136,-73.937497,0,0,0,0,3,0
30Q580,Baccalaureate School for Global Education,40.755157,-73.926974,1,2,0,0,0,0
31R004,P.S. 004 Maurice Wollin,40.552373,-74.195516,1,0,1,0,2,1
31R005,P.S. 005 Huguenot,40.529697,-74.187532,1,1,2,0,15,0
31R007,I.S. 007 Elias Bernstein,40.52297,-74.186098,1,4,2,1,4,0
31R008,P.S. 8 Shirlee Solomon,40.547645,-74.151951,0,12,30,0,10,9
31R009,Naples Street Elementary School,40.602427,-74.091328,1,1,2,0,5,0
31R013,P.S. 013 M. L. Lindemeyer,40.612944,-74.069208,6,2,12,0,18,0
31R018,P.S. 018 John G. Whittier,40.636716,-74.117114,2,3,0,10,0,0
31R020,P.S. 020 Port Richmond,40.636665,-74.132529,6,0,4,0,4,0
31R021,P.S. 21 Margaret Emery-Elm Park,40.631831,-74.146747,0,2,0,10,1,0
31R023,P.S. 023 Richmondtown,40.570621,-74.133814,2,1,1,0,1,0
31R024,I.S. 024 Myra S. Barnes,40.545621,-74.145508,2,3,0,1,2,0
31R027,I.S. 027 Anning S. Prall,40.628282,-74.117665,1,3,2,0,1,0
31R029,P.S. 029 Bardwell,40.613957,-74.116242,1,5,1,2,15,0
31R030,P.S. 030 Westerleigh,40.618019,-74.133034,2,1,0,0,2,0
31R032,P.S. 032 The Gifford School,40.55896,-74.155409,0,2,4,0,4,0
31R036,P.S. 036 J. C. Drumgoole,40.543082,-74.182804,2,6,5,0,10,0
31R041,The Stephanie A. Vierno School,40.573849,-74.108939,2,2,0,5,0,1
31R048,P.S. 048 William G. Wilcox,40.602871,-74.091924,3,3,0,4,0,0
31R050,P.S. 050 Frank Hankinson,40.561501,-74.124868,1,2,0,0,2,0
31R053,The Barbara Esselborn School,40.552128,-74.137382,1,3,2,0,2,1
31R054,P.S. 054 Charles W. Leng,40.602787,-74.137851,0,4,0,0,2,0
31R056,P.S. 56 The Louis Desario School,40.541939,-74.213935,10,12,11,0,9,0
31R057,P.S. 057 Hubert H. Humphrey,40.611093,-74.083526,0,6,2,3,4,0
31R059,The Harbor View School,40.647788,-74.08325,0,0,0,0,0,0
31R064,Gaynor McCown Expeditionary Learning School,40.58178,-74.158884,1,0,1,0,2,0
31R066,The Richmond Pre-K Center,40.643129,-74.077048,0,0,0,0,0,0
31R068,Port Richmond School for Visionary Learning,40.62501,-74.142576,2,0,0,0,0,0
31R069,P.S. 069 Daniel D. Tompkins,40.591422,-74.157301,1,2,4,0,0,0
31R072,I.S. 072 Rocco Laurie,40.59247,-74.158532,1,3,2,0,1,0
31R078,P.S. 78,40.622239,-74.079112,1,2,0,1,0,0
31R450,Curtis High School,40.644912,-74.080507,3,5,2,0,3,0
31R455,Tottenville High School,40.528303,-74.193519,4,7,1,1,10,0
31R460,Susan E. Wagner High School,40.597485,-74.124914,3,8,1,0,10,0
31R470,Concord High School,40.610817,-74.086784,0,0,0,0,0,0
31R861,Staten Island School of Civic Leadership,40.620452,-74.164416,4,6,3,6,3,5
32K086,P.S. 086 The Irvington,40.700748,-73.91766,2,2,2,0,2,3
32K106,P.S. 106 Edward Everett Hale,40.693725,-73.912559,1,0,5,0,0,1
32K123,P.S. 123 Suydam,40.703905,-73.922574,3,3,3,0,3,0
32K145,P.S. 145 Andrew Jackson,40.701475,-73.93219,2,3,3,0,2,0
32K162,J.H.S. 162 The Willoughby,40.706871,-73.92002,0,1,1,1,1,3
32K291,J.H.S. 291 Roland Hayes,40.695785,-73.915361,3,2,0,1,1,0
32K347,I.S. 347 School of Humanities,40.700883,-73.927662,3,0,3,0,0,0
32K349,"I.S. 349 Math, Science & Tech.",40.700883,-73.927662,0,1,0,0,0,1
32K376,P.S. 376,40.698048,-73.920166,3,0,4,0,0,0
32K377,P.S. 377 Alejandrina B. De Gautier,40.693753,-73.91493,0,3,3,0,1,0
32K383,J.H.S. 383 Philippa Schuyler,40.697638,-73.919534,3,4,4,0,2,0
32K384,P.S. /I.S. 384 Frances E. Carter,40.689715,-73.905027,1,2,0,0,4,0
32K545,EBC High School for Public Service - Bushwick,40.694717,-73.929277,4,4,2,6,2,0
32K554,All City Leadership Secondary School,40.697591,-73.913097,0,2,1,1,0,0
32K562,Evergreen Middle School for Urban Exploration,40.68893,-73.910355,2,2,0,0,0,0
32K564,Bushwick Community High School,40.695785,-73.915361,2,0,0,3,0,0
75K036,P.S. 36,40.660404,-73.88725,3,0,2,0,0,3
75K140,P.S. K140,40.682002,-73.945259,0,0,1,0,0,0
75K370,P.S. 370,40.577675,-73.969866,2,2,3,0,6,0
75K373,P.S. 373 - Brooklyn Transition Center,40.699187,-73.945213,5,4,4,5,4,0
75K396,P.S. K396,40.668051,-73.911595,20,10,7,0,10,0
75K771,P.S. K771,40.57986,-73.956085,1,0,2,1,0,0
75K811,P.S. K811 Connie Lekas School,40.591225,-73.938828,3,4,3,0,2,0
75M035,P.S. 035,40.764095,-73.986033,2,0,0,0,0,0
75M138,P.S. 138,40.805654,-73.93546,0,0,5,0,4,0
75M169,P.S. M169 - Robert F. Kennedy,40.780883,-73.95566,0,2,2,0,0,0
75M226,P.S. M226,40.732689,-73.98259,8,1,8,1,2,0
75M401,Hospital Schools,40.831869,-73.827662,4,4,2,0,0,0
75M501,Home Instruction,40.831869,-73.827662,0,0,0,0,0,0
75M721,P.S. M721 - Manhattan Occupational Training Center,40.729104,-74.006285,1,0,1,0,1,0
75M751,Manhattan School for Career Development,40.72571,-73.987824,5,0,15,10,10,0
75Q004,P.S. Q004,40.741662,-73.778338,4,2,3,0,1,1
75Q075,Robert E. Peary School,40.698712,-73.904972,0,1,0,0,20,1
75Q224,P.S. Q224,40.749641,-73.721449,0,1,1,0,4,0
75Q255,P.S. Q255,40.724191,-73.80937,0,0,1,0,14,0
75Q277,The Riverview School,40.74308,-73.959251,8,3,7,0,7,0
75Q752,Queens Transition Center,40.683621,-73.800941,6,2,3,0,2,0
75R037,P.S. R037,40.564106,-74.15143,1,0,1,0,1,0
75R721,The Richard H. Hungerford School,40.620868,-74.077102,3,4,3,3,2,0
75X010,P.S. X010,40.827175,-73.829317,2,0,1,0,4,0
75X012,P.S. X012 Lewis and Clark School,40.840548,-73.84452,9,3,6,0,1,0
75X168,P.S. 168,40.869621,-73.879073,0,1,1,0,4,0
75X352,The Vida Bogart School for All Children,40.831595,-73.894227,1,2,0,0,2,0
75X469,P469X - The Bronx School for Continuous Learners,40.872376,-73.875996,4,2,2,4,2,0
75X721,P.S. X721 - Stephen McSweeney School,40.842722,-73.838874,2,6,1,0,6,0
75X811,P.S. X811,40.830202,-73.887471,4,8,7,10,3,0
